{
  "mean": {
    "ax": -0.40277624474285756,
    "ay": 9.347415007619052,
    "az": 0.004641288133333335,
    "gx": -4.550133333333336e-05,
    "gy": -4.073866666666688e-06,
    "gz": 0.06719571649523809,
    "mx": 41.2192874924762,
    "my": 18.245494197409542,
    "mz": -0.009945765085714278,
    "spd": 62.15899907428567
  },
  "std": {
    "ax": 1.6271748506479484,
    "ay": 2.6666174476213236,
    "az": 0.3527854444437304,
    "gx": 0.14171291093489016,
    "gy": 0.1536483525692346,
    "gz": 0.2074065679031638,
    "mx": 12.16994082130455,
    "my": 9.346425013082943,
    "mz": 2.9104088096846055,
    "spd": 23.434456320674776
  },
  "features": [
    "ax",
    "ay",
    "az",
    "gx",
    "gy",
    "gz",
    "mx",
    "my",
    "mz",
    "spd"
  ]
}